Workbook

Sheet RawData
A1: SN | B1: Time | C1: Program | D1: Station | E1: Column1 | F1: Channel | G1: Mode | H1: ---Times--- | I1: Temp Time | J1: Tx Test Time | K1: Rx Test Time | L1: Work Time | M1: Device | N1: ---Tx Test--- | O1: Start_WL(nm) | P1: WL(nm) | Q1: End_WL(nm) | R1: error_WL(nm) | S1: ndB_Width(nm) | T1: SMSR(dB) | U1: Sampling_Point | V1: Raw_Data | W1: DDMI_TxP | X1: ---Temp--- | Y1: Set_Temp | Z1: Case_Temp | AA1: DDMI_Temp | AB1: dTemp | AC1: LD_Temp | AD1: ---DUT--- | AE1: Ini_Bias(mA) | AF1: Set_Bias(mA) | AG1: DDMI_Bias(mA) | AH1: I2C_Vcc | AI1: DDMI_Vcc | AJ1: dVcc(%) | AK1: Programe_Version | AL1: --------- | AM1: ErrorCode
A2: 48226H40040 | B2: A2026100620533560886 | C2: TW-800G 2xFR4_TRx3T_TEC_OSA_Test.vi | D2: Temp | E2: 40 | F2: CH1 | G2: DUT 1 | I2: 186.49 | J2: 73.85 | L2: 268.04 | M2: Final test:T157100003549_1 | O2: 1260 | P2: 1271.6 | Q2: 1280 | R2: 0.6 | S2: 0.21 | T2: 52.72 | U2: 1001 | W2: -3.83 | Y2: 40 | Z2: 39.96 | AA2: 36.48 | AB2: 3.48 | AC2: 38.66 | AE2: 101 | AF2: 50 | AG2: 50 | AH2: 3.3 | AI2: 3.31 | AJ2: -0.01 | AK2: OSA_Test
A3: 48226H40040 | B3: A2026100620533560886 | C3: TW-800G 2xFR4_TRx3T_TEC_OSA_Test.vi | D3: Temp | E3: 40 | F3: CH2 | G3: DUT 1 | I3: 186.49 | J3: 73.85 | L3: 268.04 | M3: Final test:T157100003549_1 | O3: 1280 | P3: 1291.32 | Q3: 1300 | R3: 0.32 | S3: 0.22 | T3: 53.91 | U3: 1001 | W3: -2.74 | Y3: 40 | Z3: 39.96 | AA3: 36.48 | AB3: 3.48 | AC3: 38.22 | AE3: 83 | AF3: 50 | AG3: 50 | AH3: 3.3 | AI3: 3.31 | AJ3: -0.01 | AK3: OSA_Test
A4: 48226H40040 | B4: A2026100620533560886 | C4: TW-800G 2xFR4_TRx3T_TEC_OSA_Test.vi | D4: Temp | E4: 40 | F4: CH3 | G4: DUT 1 | I4: 186.49 | J4: 73.85 | L4: 268.04 | M4: Final test:T157100003549_1 | O4: 1300 | P4: 1311.76 | Q4: 1320 | R4: 0.76 | S4: 0.21 | T4: 49 | U4: 1001 | W4: -2.79 | Y4: 40 | Z4: 39.96 | AA4: 36.48 | AB4: 3.48 | AC4: 38.43 | AE4: 95 | AF4: 50 | AG4: 50 | AH4: 3.3 | AI4: 3.31 | AJ4: -0.01 | AK4: OSA_Test
A5: 48226H40040 | B5: A2026100620533560886 | C5: TW-800G 2xFR4_TRx3T_TEC_OSA_Test.vi | D5: Temp | E5: 40 | F5: CH4 | G5: DUT 1 | I5: 186.49 | J5: 73.85 | L5: 268.04 | M5: Final test:T157100003549_1 | O5: 1320 | P5: 1331.38 | Q5: 1340 | R5: 0.38 | S5: 0.2 | T5: 50.57 | U5: 1001 | W5: -3.08 | Y5: 40 | Z5: 39.96 | AA5: 36.48 | AB5: 3.48 | AC5: 38.43 | AE5: 114 | AF5: 50 | AG5: 50 | AH5: 3.3 | AI5: 3.31 | AJ5: -0.01 | AK5: OSA_Test
A6: 48226H40040 | B6: A2026100620533560886 | C6: TW-800G 2xFR4_TRx3T_TEC_OSA_Test.vi | D6: Temp | E6: 40 | F6: CH5 | G6: DUT 1 | I6: 186.49 | J6: 73.85 | L6: 268.04 | M6: Final test:T157100003549_1 | O6: 1260 | P6: 1271.6 | Q6: 1280 | R6: 0.6 | S6: 0.21 | T6: 52.72 | U6: 1001 | W6: -3.91 | Y6: 40 | Z6: 39.96 | AA6: 36.48 | AB6: 3.48 | AC6: 38.66 | AE6: 101 | AF6: 50 | AG6: 50 | AH6: 3.3 | AI6: 3.31 | AJ6: -0.01 | AK6: OSA_Test
A7: 48226H40040 | B7: A2026100620533560886 | C7: TW-800G 2xFR4_TRx3T_TEC_OSA_Test.vi | D7: Temp | E7: 40 | F7: CH6 | G7: DUT 1 | I7: 186.49 | J7: 73.85 | L7: 268.04 | M7: Final test:T157100003549_1 | O7: 1280 | P7: 1291.32 | Q7: 1300 | R7: 0.32 | S7: 0.22 | T7: 53.91 | U7: 1001 | W7: -2.45 | Y7: 40 | Z7: 39.96 | AA7: 36.48 | AB7: 3.48 | AC7: 38.22 | AE7: 83 | AF7: 50 | AG7: 50 | AH7: 3.3 | AI7: 3.31 | AJ7: -0.01 | AK7: OSA_Test
A8: 48226H40040 | B8: A2026100620533560886 | C8: TW-800G 2xFR4_TRx3T_TEC_OSA_Test.vi | D8: Temp | E8: 40 | F8: CH7 | G8: DUT 1 | I8: 186.49 | J8: 73.85 | L8: 268.04 | M8: Final test:T157100003549_1 | O8: 1300 | P8: 1311.76 | Q8: 1320 | R8: 0.76 | S8: 0.21 | T8: 49 | U8: 1001 | W8: -2.61 | Y8: 40 | Z8: 39.96 | AA8: 36.48 | AB8: 3.48 | AC8: 38.43 | AE8: 95 | AF8: 50 | AG8: 50 | AH8: 3.3 | AI8: 3.31 | AJ8: -0.01 | AK8: OSA_Test
A9: 48226H40040 | B9: A2026100620533560886 | C9: TW-800G 2xFR4_TRx3T_TEC_OSA_Test.vi | D9: Temp | E9: 40 | F9: CH8 | G9: DUT 1 | I9: 186.49 | J9: 73.85 | L9: 268.04 | M9: Final test:T157100003549_1 | O9: 1320 | P9: 1331.38 | Q9: 1340 | R9: 0.38 | S9: 0.2 | T9: 50.57 | U9: 1001 | W9: -3.7 | Y9: 40 | Z9: 39.96 | AA9: 36.48 | AB9: 3.48 | AC9: 38.43 | AE9: 114 | AF9: 50 | AG9: 50 | AH9: 3.3 | AI9: 3.31 | AJ9: -0.01 | AK9: OSA_Test
A10: 48226H40040 | B10: A2026100620533560886 | C10: TW-800G 2xFR4_TRx3T_TEC_OSA_Test.vi | D10: Temp | E10: 40 | F10: CH1 | G10: DUT 1 | J10: 74.17 | L10: 347.64 | O10: 1260 | P10: 1271.62 | Q10: 1280 | R10: 0.62 | S10: 0.21 | T10: 54.07 | U10: 1001 | W10: -2.27 | Z10: 39.96 | AA10: 36.73 | AB10: 3.23 | AC10: 38.98 | AF10: 60 | AG10: 60 | AH10: 3.3 | AI10: 3.3 | AJ10: 0
A11: 48226H40040 | B11: A2026100620533560886 | C11: TW-800G 2xFR4_TRx3T_TEC_OSA_Test.vi | D11: Temp | E11: 40 | F11: CH2 | G11: DUT 1 | J11: 74.17 | L11: 347.64 | O11: 1280 | P11: 1291.36 | Q11: 1300 | R11: 0.36 | S11: 0.21 | T11: 55 | U11: 1001 | W11: -0.63 | Z11: 39.96 | AA11: 36.73 | AB11: 3.23 | AC11: 38.59 | AF11: 60 | AG11: 60 | AH11: 3.3 | AI11: 3.3 | AJ11: 0
A12: 48226H40040 | B12: A2026100620533560886 | C12: TW-800G 2xFR4_TRx3T_TEC_OSA_Test.vi | D12: Temp | E12: 40 | F12: CH3 | G12: DUT 1 | J12: 74.17 | L12: 347.64 | O12: 1300 | P12: 1311.8 | Q12: 1320 | R12: 0.8 | S12: 0.21 | T12: 50.04 | U12: 1001 | W12: -1.51 | Z12: 39.96 | AA12: 36.73 | AB12: 3.23 | AC12: 38.74 | AF12: 60 | AG12: 60 | AH12: 3.3 | AI12: 3.3 | AJ12: 0
A13: 48226H40040 | B13: A2026100620533560886 | C13: TW-800G 2xFR4_TRx3T_TEC_OSA_Test.vi | D13: Temp | E13: 40 | F13: CH4 | G13: DUT 1 | J13: 74.17 | L13: 347.64 | O13: 1320 | P13: 1331.42 | Q13: 1340 | R13: 0.42 | S13: 0.2 | T13: 51.65 | U13: 1001 | W13: -1.84 | Z13: 39.96 | AA13: 36.73 | AB13: 3.23 | AC13: 38.8 | AF13: 60 | AG13: 60 | AH13: 3.3 | AI13: 3.3 | AJ13: 0
A14: 48226H40040 | B14: A2026100620533560886 | C14: TW-800G 2xFR4_TRx3T_TEC_OSA_Test.vi | D14: Temp | E14: 40 | F14: CH5 | G14: DUT 1 | J14: 74.17 | L14: 347.64 | O14: 1260 | P14: 1271.62 | Q14: 1280 | R14: 0.62 | S14: 0.21 | T14: 54.07 | U14: 1001 | W14: -2.66 | Z14: 39.96 | AA14: 36.73 | AB14: 3.23 | AC14: 38.98 | AF14: 60 | AG14: 60 | AH14: 3.3 | AI14: 3.3 | AJ14: 0
A15: 48226H40040 | B15: A2026100620533560886 | C15: TW-800G 2xFR4_TRx3T_TEC_OSA_Test.vi | D15: Temp | E15: 40 | F15: CH6 | G15: DUT 1 | J15: 74.17 | L15: 347.64 | O15: 1280 | P15: 1291.36 | Q15: 1300 | R15: 0.36 | S15: 0.21 | T15: 55 | U15: 1001 | W15: -0.21 | Z15: 39.96 | AA15: 36.73 | AB15: 3.23 | AC15: 38.59 | AF15: 60 | AG15: 60 | AH15: 3.3 | AI15: 3.3 | AJ15: 0
A16: 48226H40040 | B16: A2026100620533560886 | C16: TW-800G 2xFR4_TRx3T_TEC_OSA_Test.vi | D16: Temp | E16: 40 | F16: CH7 | G16: DUT 1 | J16: 74.17 | L16: 347.64 | O16: 1300 | P16: 1311.8 | Q16: 1320 | R16: 0.8 | S16: 0.21 | T16: 50.04 | U16: 1001 | W16: -1.25 | Z16: 39.96 | AA16: 36.73 | AB16: 3.23 | AC16: 38.74 | AF16: 60 | AG16: 60 | AH16: 3.3 | AI16: 3.3 | AJ16: 0
A17: 48226H40040 | B17: A2026100620533560886 | C17: TW-800G 2xFR4_TRx3T_TEC_OSA_Test.vi | D17: Temp | E17: 40 | F17: CH8 | G17: DUT 1 | J17: 74.17 | L17: 347.64 | O17: 1320 | P17: 1331.42 | Q17: 1340 | R17: 0.42 | S17: 0.2 | T17: 51.65 | U17: 1001 | W17: -1.35 | Z17: 39.96 | AA17: 36.73 | AB17: 3.23 | AC17: 38.8 | AF17: 60 | AG17: 60 | AH17: 3.3 | AI17: 3.3 | AJ17: 0
A18: 48226H40040 | B18: A2026100620533560886 | C18: TW-800G 2xFR4_TRx3T_TEC_OSA_Test.vi | D18: Temp | E18: 40 | F18: CH1 | G18: DUT 1 | J18: 76.28 | L18: 429.35 | O18: 1260 | P18: 1271.66 | Q18: 1280 | R18: 0.66 | S18: 0.21 | T18: 54.98 | U18: 1001 | W18: -1.14 | Z18: 40 | AA18: 36.86 | AB18: 3.14 | AC18: 39.22 | AF18: 70 | AG18: 70 | AH18: 3.3 | AI18: 3.3 | AJ18: 0
A19: 48226H40040 | B19: A2026100620533560886 | C19: TW-800G 2xFR4_TRx3T_TEC_OSA_Test.vi | D19: Temp | E19: 40 | F19: CH2 | G19: DUT 1 | J19: 76.28 | L19: 429.35 | O19: 1280 | P19: 1291.4 | Q19: 1300 | R19: 0.4 | S19: 0.21 | T19: 55.78 | U19: 1001 | W19: 0.4 | Z19: 40 | AA19: 36.86 | AB19: 3.14 | AC19: 38.8 | AF19: 70 | AG19: 70 | AH19: 3.3 | AI19: 3.3 | AJ19: 0
A20: 48226H40040 | B20: A2026100620533560886 | C20: TW-800G 2xFR4_TRx3T_TEC_OSA_Test.vi | D20: Temp | E20: 40 | F20: CH3 | G20: DUT 1 | J20: 76.28 | L20: 429.35 | O20: 1300 | P20: 1311.84 | Q20: 1320 | R20: 0.84 | S20: 0.21 | T20: 50.83 | U20: 1001 | W20: -0.53 | Z20: 40 | AA20: 36.86 | AB20: 3.14 | AC20: 38.98 | AF20: 70 | AG20: 70 | AH20: 3.3 | AI20: 3.3 | AJ20: 0
A21: 48226H40040 | B21: A2026100620533560886 | C21: TW-800G 2xFR4_TRx3T_TEC_OSA_Test.vi | D21: Temp | E21: 40 | F21: CH4 | G21: DUT 1 | J21: 76.28 | L21: 429.35 | O21: 1320 | P21: 1331.44 | Q21: 1340 | R21: 0.44 | S21: 0.2 | T21: 52.4 | U21: 1001 | W21: -0.94 | Z21: 40 | AA21: 36.86 | AB21: 3.14 | AC21: 39.01 | AF21: 70 | AG21: 70 | AH21: 3.3 | AI21: 3.3 | AJ21: 0
... A289: 48226H40040 | B289: A2026100620533560886 | C289: TW-800G 2xFR4_TRx3T_TEC_OSA_Test.vi | D289: Temp | E289: 40 | F289: CH8 | G289: DUT 1 | J289: 75.16 | L289: 3072.73 | O289: 1320 | P289: 1332.54 | Q289: 1340 | R289: 1.54 | S289: 0.24 | T289: 57.64 | U289: 1001 | W289: 5.01 | Z289: 40.01 | AA289: 38.88 | AB289: 1.13 | AC289: 43.87 | AF289: 400 | AG289: 400 | AH289: 3.3 | AI289: 3.3 | AJ289: 0
A290: 48226H40040 | B290: A2026100620533560886 | C290: TW-800G 2xFR4_TRx3T_TEC_OSA_Test.vi | D290: Temp | E290: 35 | F290: CH1 | G290: DUT 1 | I290: 162.77 | J290: 74.7 | L290: 3322.45 | M290: Final test:T157100003549_1 | O290: 1260 | P290: 1271.2 | Q290: 1280 | R290: 0.2 | S290: 0.21 | T290: 53.12 | U290: 1001 | W290: -2.95 | Y290: 35 | Z290: 34.92 | AA290: 31.52 | AB290: 3.4 | AC290: 33.51 | AF290: 50 | AG290: 50 | AH290: 3.3 | AI290: 3.31 | AJ290: -0.01 | AK290: OSA_Test
A291: 48226H40040 | B291: A2026100620533560886 | C291: TW-800G 2xFR4_TRx3T_TEC_OSA_Test.vi | D291: Temp | E291: 35 | F291: CH2 | G291: DUT 1 | I291: 162.77 | J291: 74.7 | L291: 3322.45 | M291: Final test:T157100003549_1 | O291: 1280 | P291: 1290.86 | Q291: 1300 | R291: -0.14 | S291: 0.21 | T291: 54.17 | U291: 1001 | W291: -1.49 | Y291: 35 | Z291: 34.92 | AA291: 31.52 | AB291: 3.4 | AC291: 33.1 | AF291: 50 | AG291: 50 | AH291: 3.3 | AI291: 3.31 | AJ291: -0.01 | AK291: OSA_Test
A292: 48226H40040 | B292: A2026100620533560886 | C292: TW-800G 2xFR4_TRx3T_TEC_OSA_Test.vi | D292: Temp | E292: 35 | F292: CH3 | G292: DUT 1 | I292: 162.77 | J292: 74.7 | L292: 3322.45 | M292: Final test:T157100003549_1 | O292: 1300 | P292: 1311.3 | Q292: 1320 | R292: 0.3 | S292: 0.21 | T292: 49.41 | U292: 1001 | W292: -2.25 | Y292: 35 | Z292: 34.92 | AA292: 31.52 | AB292: 3.4 | AC292: 33.25 | AF292: 50 | AG292: 50 | AH292: 3.3 | AI292: 3.31 | AJ292: -0.01 | AK292: OSA_Test
A293: 48226H40040 | B293: A2026100620533560886 | C293: TW-800G 2xFR4_TRx3T_TEC_OSA_Test.vi | D293: Temp | E293: 35 | F293: CH4 | G293: DUT 1 | I293: 162.77 | J293: 74.7 | L293: 3322.45 | M293: Final test:T157100003549_1 | O293: 1320 | P293: 1330.92 | Q293: 1340 | R293: -0.08 | S293: 0.2 | T293: 51.02 | U293: 1001 | W293: -2.45 | Y293: 35 | Z293: 34.92 | AA293: 31.52 | AB293: 3.4 | AC293: 33.32 | AF293: 50 | AG293: 50 | AH293: 3.3 | AI293: 3.31 | AJ293: -0.01 | AK293: OSA_Test
A294: 48226H40040 | B294: A2026100620533560886 | C294: TW-800G 2xFR4_TRx3T_TEC_OSA_Test.vi | D294: Temp | E294: 35 | F294: CH5 | G294: DUT 1 | I294: 162.77 | J294: 74.7 | L294: 3322.45 | M294: Final test:T157100003549_1 | O294: 1260 | P294: 1271.2 | Q294: 1280 | R294: 0.2 | S294: 0.21 | T294: 53.12 | U294: 1001 | W294: -3.28 | Y294: 35 | Z294: 34.92 | AA294: 31.52 | AB294: 3.4 | AC294: 33.51 | AF294: 50 | AG294: 50 | AH294: 3.3 | AI294: 3.31 | AJ294: -0.01 | AK294: OSA_Test
A295: 48226H40040 | B295: A2026100620533560886 | C295: TW-800G 2xFR4_TRx3T_TEC_OSA_Test.vi | D295: Temp | E295: 35 | F295: CH6 | G295: DUT 1 | I295: 162.77 | J295: 74.7 | L295: 3322.45 | M295: Final test:T157100003549_1 | O295: 1280 | P295: 1290.86 | Q295: 1300 | R295: -0.14 | S295: 0.21 | T295: 54.17 | U295: 1001 | W295: -1.07 | Y295: 35 | Z295: 34.92 | AA295: 31.52 | AB295: 3.4 | AC295: 33.1 | AF295: 50 | AG295: 50 | AH295: 3.3 | AI295: 3.31 | AJ295: -0.01 | AK295: OSA_Test
A296: 48226H40040 | B296: A2026100620533560886 | C296: TW-800G 2xFR4_TRx3T_TEC_OSA_Test.vi | D296: Temp | E296: 35 | F296: CH7 | G296: DUT 1 | I296: 162.77 | J296: 74.7 | L296: 3322.45 | M296: Final test:T157100003549_1 | O296: 1300 | P296: 1311.3 | Q296: 1320 | R296: 0.3 | S296: 0.21 | T296: 49.41 | U296: 1001 | W296: -2.02 | Y296: 35 | Z296: 34.92 | AA296: 31.52 | AB296: 3.4 | AC296: 33.25 | AF296: 50 | AG296: 50 | AH296: 3.3 | AI296: 3.31 | AJ296: -0.01 | AK296: OSA_Test
A297: 48226H40040 | B297: A2026100620533560886 | C297: TW-800G 2xFR4_TRx3T_TEC_OSA_Test.vi | D297: Temp | E297: 35 | F297: CH8 | G297: DUT 1 | I297: 162.77 | J297: 74.7 | L297: 3322.45 | M297: Final test:T157100003549_1 | O297: 1320 | P297: 1330.92 | Q297: 1340 | R297: -0.08 | S297: 0.2 | T297: 51.02 | U297: 1001 | W297: -1.85 | Y297: 35 | Z297: 34.92 | AA297: 31.52 | AB297: 3.4 | AC297: 33.32 | AF297: 50 | AG297: 50 | AH297: 3.3 | AI297: 3.31 | AJ297: -0.01 | AK297: OSA_Test
A298: 48226H40040 | B298: A2026100620533560886 | C298: TW-800G 2xFR4_TRx3T_TEC_OSA_Test.vi | D298: Temp | E298: 35 | F298: CH1 | G298: DUT 1 | J298: 74.03 | L298: 3401.91 | O298: 1260 | P298: 1271.18 | Q298: 1280 | R298: 0.18 | S298: 0.2 | T298: 54.47 | U298: 1001 | W298: -1.48 | Z298: 35.01 | AA298: 31.58 | AB298: 3.43 | AC298: 33.66 | AF298: 60 | AG298: 60 | AH298: 3.3 | AI298: 3.3 | AJ298: 0
A299: 48226H40040 | B299: A2026100620533560886 | C299: TW-800G 2xFR4_TRx3T_TEC_OSA_Test.vi | D299: Temp | E299: 35 | F299: CH2 | G299: DUT 1 | J299: 74.03 | L299: 3401.91 | O299: 1280 | P299: 1290.9 | Q299: 1300 | R299: -0.1 | S299: 0.21 | T299: 55.31 | U299: 1001 | W299: -0.14 | Z299: 35.01 | AA299: 31.58 | AB299: 3.43 | AC299: 33.25 | AF299: 60 | AG299: 60 | AH299: 3.3 | AI299: 3.3 | AJ299: 0
A300: 48226H40040 | B300: A2026100620533560886 | C300: TW-800G 2xFR4_TRx3T_TEC_OSA_Test.vi | D300: Temp | E300: 35 | F300: CH3 | G300: DUT 1 | J300: 74.03 | L300: 3401.91 | O300: 1300 | P300: 1311.36 | Q300: 1320 | R300: 0.36 | S300: 0.21 | T300: 50.45 | U300: 1001 | W300: -1.01 | Z300: 35.01 | AA300: 31.58 | AB300: 3.43 | AC300: 33.37 | AF300: 60 | AG300: 60 | AH300: 3.3 | AI300: 3.3 | AJ300: 0
A301: 48226H40040 | B301: A2026100620533560886 | C301: TW-800G 2xFR4_TRx3T_TEC_OSA_Test.vi | D301: Temp | E301: 35 | F301: CH4 | G301: DUT 1 | J301: 74.03 | L301: 3401.91 | O301: 1320 | P301: 1330.96 | Q301: 1340 | R301: -0.04 | S301: 0.2 | T301: 52.04 | U301: 1001 | W301: -1.3 | Z301: 35.01 | AA301: 31.58 | AB301: 3.43 | AC301: 33.44 | AF301: 60 | AG301: 60 | AH301: 3.3 | AI301: 3.3 | AJ301: 0
A302: 48226H40040 | B302: A2026100620533560886 | C302: TW-800G 2xFR4_TRx3T_TEC_OSA_Test.vi | D302: Temp | E302: 35 | F302: CH5 | G302: DUT 1 | J302: 74.03 | L302: 3401.91 | O302: 1260 | P302: 1271.18 | Q302: 1280 | R302: 0.18 | S302: 0.2 | T302: 54.47 | U302: 1001 | W302: -1.74 | Z302: 35.01 | AA302: 31.58 | AB302: 3.43 | AC302: 33.66 | AF302: 60 | AG302: 60 | AH302: 3.3 | AI302: 3.3 | AJ302: 0
A303: 48226H40040 | B303: A2026100620533560886 | C303: TW-800G 2xFR4_TRx3T_TEC_OSA_Test.vi | D303: Temp | E303: 35 | F303: CH6 | G303: DUT 1 | J303: 74.03 | L303: 3401.91 | O303: 1280 | P303: 1290.9 | Q303: 1300 | R303: -0.1 | S303: 0.21 | T303: 55.31 | U303: 1001 | W303: 0.29 | Z303: 35.01 | AA303: 31.58 | AB303: 3.43 | AC303: 33.25 | AF303: 60 | AG303: 60 | AH303: 3.3 | AI303: 3.3 | AJ303: 0
A304: 48226H40040 | B304: A2026100620533560886 | C304: TW-800G 2xFR4_TRx3T_TEC_OSA_Test.vi | D304: Temp | E304: 35 | F304: CH7 | G304: DUT 1 | J304: 74.03 | L304: 3401.91 | O304: 1300 | P304: 1311.36 | Q304: 1320 | R304: 0.36 | S304: 0.21 | T304: 50.45 | U304: 1001 | W304: -0.67 | Z304: 35.01 | AA304: 31.58 | AB304: 3.43 | AC304: 33.37 | AF304: 60 | AG304: 60 | AH304: 3.3 | AI304: 3.3 | AJ304: 0
A305: 48226H40040 | B305: A2026100620533560886 | C305: TW-800G 2xFR4_TRx3T_TEC_OSA_Test.vi | D305: Temp | E305: 35 | F305: CH8 | G305: DUT 1 | J305: 74.03 | L305: 3401.91 | O305: 1320 | P305: 1330.96 | Q305: 1340 | R305: -0.04 | S305: 0.2 | T305: 52.04 | U305: 1001 | W305: -0.72 | Z305: 35.01 | AA305: 31.58 | AB305: 3.43 | AC305: 33.44 | AF305: 60 | AG305: 60 | AH305: 3.3 | AI305: 3.3 | AJ305: 0
A306: 48226H40040 | B306: A2026100620533560886 | C306: TW-800G 2xFR4_TRx3T_TEC_OSA_Test.vi | D306: Temp | E306: 35 | F306: CH1 | G306: DUT 1 | J306: 76.21 | L306: 3483.56 | O306: 1260 | P306: 1271.2 | Q306: 1280 | R306: 0.2 | S306: 0.2 | T306: 55.35 | U306: 1001 | W306: -0.36 | Z306: 34.99 | AA306: 31.64 | AB306: 3.35 | AC306: 33.75 | AF306: 70 | AG306: 70 | AH306: 3.3 | AI306: 3.3 | AJ306: 0
A307: 48226H40040 | B307: A2026100620533560886 | C307: TW-800G 2xFR4_TRx3T_TEC_OSA_Test.vi | D307: Temp | E307: 35 | F307: CH2 | G307: DUT 1 | J307: 76.21 | L307: 3483.56 | O307: 1280 | P307: 1290.94 | Q307: 1300 | R307: -0.06 | S307: 0.21 | T307: 56.07 | U307: 1001 | W307: 0.83 | Z307: 34.99 | AA307: 31.64 | AB307: 3.35 | AC307: 33.34 | AF307: 70 | AG307: 70 | AH307: 3.3 | AI307: 3.3 | AJ307: 0
A308: 48226H40040 | B308: A2026100620533560886 | C308: TW-800G 2xFR4_TRx3T_TEC_OSA_Test.vi | D308: Temp | E308: 35 | F308: CH3 | G308: DUT 1 | J308: 76.21 | L308: 3483.56 | O308: 1300 | P308: 1311.38 | Q308: 1320 | R308: 0.38 | S308: 0.21 | T308: 51.21 | U308: 1001 | W308: -0.03 | Z308: 34.99 | AA308: 31.64 | AB308: 3.35 | AC308: 33.49 | AF308: 70 | AG308: 70 | AH308: 3.3 | AI308: 3.3 | AJ308: 0
A309: 48226H40040 | B309: A2026100620533560886 | C309: TW-800G 2xFR4_TRx3T_TEC_OSA_Test.vi | D309: Temp | E309: 35 | F309: CH4 | G309: DUT 1 | J309: 76.21 | L309: 3483.56 | O309: 1320 | P309: 1330.98 | Q309: 1340 | R309: -0.02 | S309: 0.2 | T309: 52.84 | U309: 1001 | W309: -0.42 | Z309: 34.99 | AA309: 31.64 | AB309: 3.35 | AC309: 33.54 | AF309: 70 | AG309: 70 | AH309: 3.3 | AI309: 3.3 | AJ309: 0
... A577: 48226H40040 | B577: A2026100620533560886 | C577: TW-800G 2xFR4_TRx3T_TEC_OSA_Test.vi | D577: Temp | E577: 35 | F577: CH8 | G577: DUT 1 | J577: 76.88 | L577: 6151.32 | O577: 1320 | P577: 1332 | Q577: 1340 | R577: 1 | S577: 0.23 | T577: 57.9 | U577: 1001 | W577: 5.15 | Z577: 35.01 | AA577: 33.35 | AB577: 1.66 | AC577: 38.09 | AF577: 400 | AG577: 400 | AH577: 3.29 | AI577: 3.29 | AJ577: 0
A578: 48226H40040 | B578: A2026100620533560886 | C578: TW-800G 2xFR4_TRx3T_TEC_OSA_Test.vi | D578: Temp | E578: 30 | F578: CH1 | G578: DUT 1 | I578: 159.25 | J578: 75.27 | L578: 6398.71 | M578: Final test:T157100003549_1 | O578: 1260 | P578: 1270.7 | Q578: 1280 | R578: -0.3 | S578: 0.2 | T578: 53.53 | U578: 1001 | W578: -2.22 | Y578: 30 | Z578: 29.99 | AA578: 26.17 | AB578: 3.82 | AC578: 27.87 | AF578: 50 | AG578: 50 | AH578: 3.3 | AI578: 3.3 | AJ578: 0 | AK578: OSA_Test
A579: 48226H40040 | B579: A2026100620533560886 | C579: TW-800G 2xFR4_TRx3T_TEC_OSA_Test.vi | D579: Temp | E579: 30 | F579: CH2 | G579: DUT 1 | I579: 159.25 | J579: 75.27 | L579: 6398.71 | M579: Final test:T157100003549_1 | O579: 1280 | P579: 1290.36 | Q579: 1300 | R579: -0.64 | S579: 0.21 | T579: 54.55 | U579: 1001 | W579: -1 | Y579: 30 | Z579: 29.99 | AA579: 26.17 | AB579: 3.82 | AC579: 27.46 | AF579: 50 | AG579: 50 | AH579: 3.3 | AI579: 3.3 | AJ579: 0 | AK579: OSA_Test
A580: 48226H40040 | B580: A2026100620533560886 | C580: TW-800G 2xFR4_TRx3T_TEC_OSA_Test.vi | D580: Temp | E580: 30 | F580: CH3 | G580: DUT 1 | I580: 159.25 | J580: 75.27 | L580: 6398.71 | M580: Final test:T157100003549_1 | O580: 1300 | P580: 1310.84 | Q580: 1320 | R580: -0.16 | S580: 0.21 | T580: 49.95 | U580: 1001 | W580: -1.72 | Y580: 30 | Z580: 29.99 | AA580: 26.17 | AB580: 3.82 | AC580: 27.55 | AF580: 50 | AG580: 50 | AH580: 3.3 | AI580: 3.3 | AJ580: 0 | AK580: OSA_Test
A581: 48226H40040 | B581: A2026100620533560886 | C581: TW-800G 2xFR4_TRx3T_TEC_OSA_Test.vi | D581: Temp | E581: 30 | F581: CH4 | G581: DUT 1 | I581: 159.25 | J581: 75.27 | L581: 6398.71 | M581: Final test:T157100003549_1 | O581: 1320 | P581: 1330.44 | Q581: 1340 | R581: -0.56 | S581: 0.19 | T581: 51.6 | U581: 1001 | W581: -1.91 | Y581: 30 | Z581: 29.99 | AA581: 26.17 | AB581: 3.82 | AC581: 27.64 | AF581: 50 | AG581: 50 | AH581: 3.3 | AI581: 3.3 | AJ581: 0 | AK581: OSA_Test
A582: 48226H40040 | B582: A2026100620533560886 | C582: TW-800G 2xFR4_TRx3T_TEC_OSA_Test.vi | D582: Temp | E582: 30 | F582: CH5 | G582: DUT 1 | I582: 159.25 | J582: 75.27 | L582: 6398.71 | M582: Final test:T157100003549_1 | O582: 1260 | P582: 1270.7 | Q582: 1280 | R582: -0.3 | S582: 0.2 | T582: 53.53 | U582: 1001 | W582: -2.46 | Y582: 30 | Z582: 29.99 | AA582: 26.17 | AB582: 3.82 | AC582: 27.87 | AF582: 50 | AG582: 50 | AH582: 3.3 | AI582: 3.3 | AJ582: 0 | AK582: OSA_Test
A583: 48226H40040 | B583: A2026100620533560886 | C583: TW-800G 2xFR4_TRx3T_TEC_OSA_Test.vi | D583: Temp | E583: 30 | F583: CH6 | G583: DUT 1 | I583: 159.25 | J583: 75.27 | L583: 6398.71 | M583: Final test:T157100003549_1 | O583: 1280 | P583: 1290.36 | Q583: 1300 | R583: -0.64 | S583: 0.21 | T583: 54.55 | U583: 1001 | W583: -0.49 | Y583: 30 | Z583: 29.99 | AA583: 26.17 | AB583: 3.82 | AC583: 27.46 | AF583: 50 | AG583: 50 | AH583: 3.3 | AI583: 3.3 | AJ583: 0 | AK583: OSA_Test
A584: 48226H40040 | B584: A2026100620533560886 | C584: TW-800G 2xFR4_TRx3T_TEC_OSA_Test.vi | D584: Temp | E584: 30 | F584: CH7 | G584: DUT 1 | I584: 159.25 | J584: 75.27 | L584: 6398.71 | M584: Final test:T157100003549_1 | O584: 1300 | P584: 1310.84 | Q584: 1320 | R584: -0.16 | S584: 0.21 | T584: 49.95 | U584: 1001 | W584: -1.33 | Y584: 30 | Z584: 29.99 | AA584: 26.17 | AB584: 3.82 | AC584: 27.55 | AF584: 50 | AG584: 50 | AH584: 3.3 | AI584: 3.3 | AJ584: 0 | AK584: OSA_Test
A585: 48226H40040 | B585: A2026100620533560886 | C585: TW-800G 2xFR4_TRx3T_TEC_OSA_Test.vi | D585: Temp | E585: 30 | F585: CH8 | G585: DUT 1 | I585: 159.25 | J585: 75.27 | L585: 6398.71 | M585: Final test:T157100003549_1 | O585: 1320 | P585: 1330.44 | Q585: 1340 | R585: -0.56 | S585: 0.19 | T585: 51.6 | U585: 1001 | W585: -1.24 | Y585: 30 | Z585: 29.99 | AA585: 26.17 | AB585: 3.82 | AC585: 27.64 | AF585: 50 | AG585: 50 | AH585: 3.3 | AI585: 3.3 | AJ585: 0 | AK585: OSA_Test
A586: 48226H40040 | B586: A2026100620533560886 | C586: TW-800G 2xFR4_TRx3T_TEC_OSA_Test.vi | D586: Temp | E586: 30 | F586: CH1 | G586: DUT 1 | J586: 76 | L586: 6480.15 | O586: 1260 | P586: 1270.7 | Q586: 1280 | R586: -0.3 | S586: 0.2 | T586: 54.76 | U586: 1001 | W586: -0.85 | Z586: 30 | AA586: 26.2 | AB586: 3.8 | AC586: 27.96 | AF586: 60 | AG586: 60 | AH586: 3.3 | AI586: 3.3 | AJ586: 0
A587: 48226H40040 | B587: A2026100620533560886 | C587: TW-800G 2xFR4_TRx3T_TEC_OSA_Test.vi | D587: Temp | E587: 30 | F587: CH2 | G587: DUT 1 | J587: 76 | L587: 6480.15 | O587: 1280 | P587: 1290.42 | Q587: 1300 | R587: -0.58 | S587: 0.21 | T587: 55.52 | U587: 1001 | W587: 0.26 | Z587: 30 | AA587: 26.2 | AB587: 3.8 | AC587: 27.57 | AF587: 60 | AG587: 60 | AH587: 3.3 | AI587: 3.3 | AJ587: 0
A588: 48226H40040 | B588: A2026100620533560886 | C588: TW-800G 2xFR4_TRx3T_TEC_OSA_Test.vi | D588: Temp | E588: 30 | F588: CH3 | G588: DUT 1 | J588: 76 | L588: 6480.15 | O588: 1300 | P588: 1310.86 | Q588: 1320 | R588: -0.14 | S588: 0.2 | T588: 50.87 | U588: 1001 | W588: -0.53 | Z588: 30 | AA588: 26.2 | AB588: 3.8 | AC588: 27.66 | AF588: 60 | AG588: 60 | AH588: 3.3 | AI588: 3.3 | AJ588: 0
A589: 48226H40040 | B589: A2026100620533560886 | C589: TW-800G 2xFR4_TRx3T_TEC_OSA_Test.vi | D589: Temp | E589: 30 | F589: CH4 | G589: DUT 1 | J589: 76 | L589: 6480.15 | O589: 1320 | P589: 1330.46 | Q589: 1340 | R589: -0.54 | S589: 0.19 | T589: 52.49 | U589: 1001 | W589: -0.81 | Z589: 30 | AA589: 26.2 | AB589: 3.8 | AC589: 27.78 | AF589: 60 | AG589: 60 | AH589: 3.3 | AI589: 3.3 | AJ589: 0
A590: 48226H40040 | B590: A2026100620533560886 | C590: TW-800G 2xFR4_TRx3T_TEC_OSA_Test.vi | D590: Temp | E590: 30 | F590: CH5 | G590: DUT 1 | J590: 76 | L590: 6480.15 | O590: 1260 | P590: 1270.7 | Q590: 1280 | R590: -0.3 | S590: 0.2 | T590: 54.76 | U590: 1001 | W590: -1.07 | Z590: 30 | AA590: 26.2 | AB590: 3.8 | AC590: 27.96 | AF590: 60 | AG590: 60 | AH590: 3.3 | AI590: 3.3 | AJ590: 0
A591: 48226H40040 | B591: A2026100620533560886 | C591: TW-800G 2xFR4_TRx3T_TEC_OSA_Test.vi | D591: Temp | E591: 30 | F591: CH6 | G591: DUT 1 | J591: 76 | L591: 6480.15 | O591: 1280 | P591: 1290.42 | Q591: 1300 | R591: -0.58 | S591: 0.21 | T591: 55.52 | U591: 1001 | W591: 0.74 | Z591: 30 | AA591: 26.2 | AB591: 3.8 | AC591: 27.57 | AF591: 60 | AG591: 60 | AH591: 3.3 | AI591: 3.3 | AJ591: 0
A592: 48226H40040 | B592: A2026100620533560886 | C592: TW-800G 2xFR4_TRx3T_TEC_OSA_Test.vi | D592: Temp | E592: 30 | F592: CH7 | G592: DUT 1 | J592: 76 | L592: 6480.15 | O592: 1300 | P592: 1310.86 | Q592: 1320 | R592: -0.14 | S592: 0.2 | T592: 50.87 | U592: 1001 | W592: -0.06 | Z592: 30 | AA592: 26.2 | AB592: 3.8 | AC592: 27.66 | AF592: 60 | AG592: 60 | AH592: 3.3 | AI592: 3.3 | AJ592: 0
A593: 48226H40040 | B593: A2026100620533560886 | C593: TW-800G 2xFR4_TRx3T_TEC_OSA_Test.vi | D593: Temp | E593: 30 | F593: CH8 | G593: DUT 1 | J593: 76 | L593: 6480.15 | O593: 1320 | P593: 1330.46 | Q593: 1340 | R593: -0.54 | S593: 0.19 | T593: 52.49 | U593: 1001 | W593: -0.12 | Z593: 30 | AA593: 26.2 | AB593: 3.8 | AC593: 27.78 | AF593: 60 | AG593: 60 | AH593: 3.3 | AI593: 3.3 | AJ593: 0
A594: 48226H40040 | B594: A2026100620533560886 | C594: TW-800G 2xFR4_TRx3T_TEC_OSA_Test.vi | D594: Temp | E594: 30 | F594: CH1 | G594: DUT 1 | J594: 76.07 | L594: 6561.65 | O594: 1260 | P594: 1270.7 | Q594: 1280 | R594: -0.3 | S594: 0.2 | T594: 55.59 | U594: 1001 | W594: 0.19 | Z594: 30 | AA594: 26.25 | AB594: 3.75 | AC594: 28.09 | AF594: 70 | AG594: 70 | AH594: 3.3 | AI594: 3.3 | AJ594: 0
A595: 48226H40040 | B595: A2026100620533560886 | C595: TW-800G 2xFR4_TRx3T_TEC_OSA_Test.vi | D595: Temp | E595: 30 | F595: CH2 | G595: DUT 1 | J595: 76.07 | L595: 6561.65 | O595: 1280 | P595: 1290.44 | Q595: 1300 | R595: -0.56 | S595: 0.21 | T595: 56.17 | U595: 1001 | W595: 1.17 | Z595: 30 | AA595: 26.25 | AB595: 3.75 | AC595: 27.69 | AF595: 70 | AG595: 70 | AH595: 3.3 | AI595: 3.3 | AJ595: 0
A596: 48226H40040 | B596: A2026100620533560886 | C596: TW-800G 2xFR4_TRx3T_TEC_OSA_Test.vi | D596: Temp | E596: 30 | F596: CH3 | G596: DUT 1 | J596: 76.07 | L596: 6561.65 | O596: 1300 | P596: 1310.88 | Q596: 1320 | R596: -0.12 | S596: 0.2 | T596: 51.54 | U596: 1001 | W596: 0.39 | Z596: 30 | AA596: 26.25 | AB596: 3.75 | AC596: 27.8 | AF596: 70 | AG596: 70 | AH596: 3.3 | AI596: 3.3 | AJ596: 0
A597: 48226H40040 | B597: A2026100620533560886 | C597: TW-800G 2xFR4_TRx3T_TEC_OSA_Test.vi | D597: Temp | E597: 30 | F597: CH4 | G597: DUT 1 | J597: 76.07 | L597: 6561.65 | O597: 1320 | P597: 1330.48 | Q597: 1340 | R597: -0.52 | S597: 0.19 | T597: 53.21 | U597: 1001 | W597: 0.04 | Z597: 30 | AA597: 26.25 | AB597: 3.75 | AC597: 27.89 | AF597: 70 | AG597: 70 | AH597: 3.3 | AI597: 3.3 | AJ597: 0
... A865: 48226H40040 | B865: A2026100620533560886 | C865: TW-800G 2xFR4_TRx3T_TEC_OSA_Test.vi | D865: Temp | E865: 30 | F865: CH8 | G865: DUT 1 | J865: 76.84 | L865: 9235.66 | O865: 1320 | P865: 1331.5 | Q865: 1340 | R865: 0.5 | S865: 0.22 | T865: 58.16 | U865: 1001 | W865: 5.26 | Z865: 30 | AA865: 28.12 | AB865: 1.88 | AC865: 32.65 | AF865: 400 | AG865: 400 | AH865: 3.29 | AI865: 3.29 | AJ865: 0
A866: 48226H40040 | B866: A2026100620533560886 | C866: TW-800G 2xFR4_TRx3T_TEC_OSA_Test.vi | D866: Temp | E866: 25 | F866: CH1 | G866: DUT 1 | I866: 152.39 | J866: 75.9 | L866: 9477.08 | M866: Final test:T157100003549_1 | O866: 1260 | P866: 1270.24 | Q866: 1280 | R866: -0.76 | S866: 0.2 | T866: 53.89 | U866: 1001 | W866: -1.61 | Y866: 25 | Z866: 24.93 | AA866: 20.95 | AB866: 3.98 | AC866: 22.38 | AF866: 50 | AG866: 50 | AH866: 3.3 | AI866: 3.31 | AJ866: -0.01 | AK866: OSA_Test
A867: 48226H40040 | B867: A2026100620533560886 | C867: TW-800G 2xFR4_TRx3T_TEC_OSA_Test.vi | D867: Temp | E867: 25 | F867: CH2 | G867: DUT 1 | I867: 152.39 | J867: 75.9 | L867: 9477.08 | M867: Final test:T157100003549_1 | O867: 1280 | P867: 1289.86 | Q867: 1300 | R867: -1.14 | S867: 0.21 | T867: 54.9 | U867: 1001 | W867: -0.54 | Y867: 25 | Z867: 24.93 | AA867: 20.95 | AB867: 3.98 | AC867: 21.98 | AF867: 50 | AG867: 50 | AH867: 3.3 | AI867: 3.31 | AJ867: -0.01 | AK867: OSA_Test
A868: 48226H40040 | B868: A2026100620533560886 | C868: TW-800G 2xFR4_TRx3T_TEC_OSA_Test.vi | D868: Temp | E868: 25 | F868: CH3 | G868: DUT 1 | I868: 152.39 | J868: 75.9 | L868: 9477.08 | M868: Final test:T157100003549_1 | O868: 1300 | P868: 1310.34 | Q868: 1320 | R868: -0.66 | S868: 0.2 | T868: 50.24 | U868: 1001 | W868: -1.26 | Y868: 25 | Z868: 24.93 | AA868: 20.95 | AB868: 3.98 | AC868: 22.05 | AF868: 50 | AG868: 50 | AH868: 3.3 | AI868: 3.31 | AJ868: -0.01 | AK868: OSA_Test
A869: 48226H40040 | B869: A2026100620533560886 | C869: TW-800G 2xFR4_TRx3T_TEC_OSA_Test.vi | D869: Temp | E869: 25 | F869: CH4 | G869: DUT 1 | I869: 152.39 | J869: 75.9 | L869: 9477.08 | M869: Final test:T157100003549_1 | O869: 1320 | P869: 1329.96 | Q869: 1340 | R869: -1.04 | S869: 0.19 | T869: 51.91 | U869: 1001 | W869: -1.46 | Y869: 25 | Z869: 24.93 | AA869: 20.95 | AB869: 3.98 | AC869: 22.18 | AF869: 50 | AG869: 50 | AH869: 3.3 | AI869: 3.31 | AJ869: -0.01 | AK869: OSA_Test
A870: 48226H40040 | B870: A2026100620533560886 | C870: TW-800G 2xFR4_TRx3T_TEC_OSA_Test.vi | D870: Temp | E870: 25 | F870: CH5 | G870: DUT 1 | I870: 152.39 | J870: 75.9 | L870: 9477.08 | M870: Final test:T157100003549_1 | O870: 1260 | P870: 1270.24 | Q870: 1280 | R870: -0.76 | S870: 0.2 | T870: 53.89 | U870: 1001 | W870: -1.7 | Y870: 25 | Z870: 24.93 | AA870: 20.95 | AB870: 3.98 | AC870: 22.38 | AF870: 50 | AG870: 50 | AH870: 3.3 | AI870: 3.31 | AJ870: -0.01 | AK870: OSA_Test
A871: 48226H40040 | B871: A2026100620533560886 | C871: TW-800G 2xFR4_TRx3T_TEC_OSA_Test.vi | D871: Temp | E871: 25 | F871: CH6 | G871: DUT 1 | I871: 152.39 | J871: 75.9 | L871: 9477.08 | M871: Final test:T157100003549_1 | O871: 1280 | P871: 1289.86 | Q871: 1300 | R871: -1.14 | S871: 0.21 | T871: 54.9 | U871: 1001 | W871: -0.1 | Y871: 25 | Z871: 24.93 | AA871: 20.95 | AB871: 3.98 | AC871: 21.98 | AF871: 50 | AG871: 50 | AH871: 3.3 | AI871: 3.31 | AJ871: -0.01 | AK871: OSA_Test
A872: 48226H40040 | B872: A2026100620533560886 | C872: TW-800G 2xFR4_TRx3T_TEC_OSA_Test.vi | D872: Temp | E872: 25 | F872: CH7 | G872: DUT 1 | I872: 152.39 | J872: 75.9 | L872: 9477.08 | M872: Final test:T157100003549_1 | O872: 1300 | P872: 1310.34 | Q872: 1320 | R872: -0.66 | S872: 0.2 | T872: 50.24 | U872: 1001 | W872: -0.78 | Y872: 25 | Z872: 24.93 | AA872: 20.95 | AB872: 3.98 | AC872: 22.05 | AF872: 50 | AG872: 50 | AH872: 3.3 | AI872: 3.31 | AJ872: -0.01 | AK872: OSA_Test
A873: 48226H40040 | B873: A2026100620533560886 | C873: TW-800G 2xFR4_TRx3T_TEC_OSA_Test.vi | D873: Temp | E873: 25 | F873: CH8 | G873: DUT 1 | I873: 152.39 | J873: 75.9 | L873: 9477.08 | M873: Final test:T157100003549_1 | O873: 1320 | P873: 1329.96 | Q873: 1340 | R873: -1.04 | S873: 0.19 | T873: 51.91 | U873: 1001 | W873: -0.69 | Y873: 25 | Z873: 24.93 | AA873: 20.95 | AB873: 3.98 | AC873: 22.18 | AF873: 50 | AG873: 50 | AH873: 3.3 | AI873: 3.31 | AJ873: -0.01 | AK873: OSA_Test
A874: 48226H40040 | B874: A2026100620533560886 | C874: TW-800G 2xFR4_TRx3T_TEC_OSA_Test.vi | D874: Temp | E874: 25 | F874: CH1 | G874: DUT 1 | J874: 75.96 | L874: 9558.47 | O874: 1260 | P874: 1270.22 | Q874: 1280 | R874: -0.78 | S874: 0.2 | T874: 55.09 | U874: 1001 | W874: -0.31 | Z874: 25.04 | AA874: 21.02 | AB874: 4.02 | AC874: 22.53 | AF874: 60 | AG874: 60 | AH874: 3.3 | AI874: 3.3 | AJ874: 0
A875: 48226H40040 | B875: A2026100620533560886 | C875: TW-800G 2xFR4_TRx3T_TEC_OSA_Test.vi | D875: Temp | E875: 25 | F875: CH2 | G875: DUT 1 | J875: 75.96 | L875: 9558.47 | O875: 1280 | P875: 1289.94 | Q875: 1300 | R875: -1.06 | S875: 0.21 | T875: 57.1 | U875: 1001 | W875: 0.64 | Z875: 25.04 | AA875: 21.02 | AB875: 4.02 | AC875: 22.16 | AF875: 60 | AG875: 60 | AH875: 3.3 | AI875: 3.3 | AJ875: 0
A876: 48226H40040 | B876: A2026100620533560886 | C876: TW-800G 2xFR4_TRx3T_TEC_OSA_Test.vi | D876: Temp | E876: 25 | F876: CH3 | G876: DUT 1 | J876: 75.96 | L876: 9558.47 | O876: 1300 | P876: 1310.4 | Q876: 1320 | R876: -0.6 | S876: 0.2 | T876: 51.27 | U876: 1001 | W876: -0.09 | Z876: 25.04 | AA876: 21.02 | AB876: 4.02 | AC876: 22.2 | AF876: 60 | AG876: 60 | AH876: 3.3 | AI876: 3.3 | AJ876: 0
A877: 48226H40040 | B877: A2026100620533560886 | C877: TW-800G 2xFR4_TRx3T_TEC_OSA_Test.vi | D877: Temp | E877: 25 | F877: CH4 | G877: DUT 1 | J877: 75.96 | L877: 9558.47 | O877: 1320 | P877: 1329.98 | Q877: 1340 | R877: -1.02 | S877: 0.19 | T877: 52.78 | U877: 1001 | W877: -0.38 | Z877: 25.04 | AA877: 21.02 | AB877: 4.02 | AC877: 22.34 | AF877: 60 | AG877: 60 | AH877: 3.3 | AI877: 3.3 | AJ877: 0
A878: 48226H40040 | B878: A2026100620533560886 | C878: TW-800G 2xFR4_TRx3T_TEC_OSA_Test.vi | D878: Temp | E878: 25 | F878: CH5 | G878: DUT 1 | J878: 75.96 | L878: 9558.47 | O878: 1260 | P878: 1270.22 | Q878: 1280 | R878: -0.78 | S878: 0.2 | T878: 55.09 | U878: 1001 | W878: -0.39 | Z878: 25.04 | AA878: 21.02 | AB878: 4.02 | AC878: 22.53 | AF878: 60 | AG878: 60 | AH878: 3.3 | AI878: 3.3 | AJ878: 0
A879: 48226H40040 | B879: A2026100620533560886 | C879: TW-800G 2xFR4_TRx3T_TEC_OSA_Test.vi | D879: Temp | E879: 25 | F879: CH6 | G879: DUT 1 | J879: 75.96 | L879: 9558.47 | O879: 1280 | P879: 1289.94 | Q879: 1300 | R879: -1.06 | S879: 0.21 | T879: 57.1 | U879: 1001 | W879: 1.09 | Z879: 25.04 | AA879: 21.02 | AB879: 4.02 | AC879: 22.16 | AF879: 60 | AG879: 60 | AH879: 3.3 | AI879: 3.3 | AJ879: 0
A880: 48226H40040 | B880: A2026100620533560886 | C880: TW-800G 2xFR4_TRx3T_TEC_OSA_Test.vi | D880: Temp | E880: 25 | F880: CH7 | G880: DUT 1 | J880: 75.96 | L880: 9558.47 | O880: 1300 | P880: 1310.4 | Q880: 1320 | R880: -0.6 | S880: 0.2 | T880: 51.27 | U880: 1001 | W880: 0.42 | Z880: 25.04 | AA880: 21.02 | AB880: 4.02 | AC880: 22.2 | AF880: 60 | AG880: 60 | AH880: 3.3 | AI880: 3.3 | AJ880: 0
A881: 48226H40040 | B881: A2026100620533560886 | C881: TW-800G 2xFR4_TRx3T_TEC_OSA_Test.vi | D881: Temp | E881: 25 | F881: CH8 | G881: DUT 1 | J881: 75.96 | L881: 9558.47 | O881: 1320 | P881: 1329.98 | Q881: 1340 | R881: -1.02 | S881: 0.19 | T881: 52.78 | U881: 1001 | W881: 0.36 | Z881: 25.04 | AA881: 21.02 | AB881: 4.02 | AC881: 22.34 | AF881: 60 | AG881: 60 | AH881: 3.3 | AI881: 3.3 | AJ881: 0
A882: 48226H40040 | B882: A2026100620533560886 | C882: TW-800G 2xFR4_TRx3T_TEC_OSA_Test.vi | D882: Temp | E882: 25 | F882: CH1 | G882: DUT 1 | J882: 75.15 | L882: 9639.06 | O882: 1260 | P882: 1270.24 | Q882: 1280 | R882: -0.76 | S882: 0.2 | T882: 55.91 | U882: 1001 | W882: 0.7 | Z882: 25.01 | AA882: 21.05 | AB882: 3.96 | AC882: 22.62 | AF882: 70 | AG882: 70 | AH882: 3.3 | AI882: 3.3 | AJ882: 0
A883: 48226H40040 | B883: A2026100620533560886 | C883: TW-800G 2xFR4_TRx3T_TEC_OSA_Test.vi | D883: Temp | E883: 25 | F883: CH2 | G883: DUT 1 | J883: 75.15 | L883: 9639.06 | O883: 1280 | P883: 1289.96 | Q883: 1300 | R883: -1.04 | S883: 0.21 | T883: 57.92 | U883: 1001 | W883: 1.55 | Z883: 25.01 | AA883: 21.05 | AB883: 3.96 | AC883: 22.23 | AF883: 70 | AG883: 70 | AH883: 3.3 | AI883: 3.3 | AJ883: 0
A884: 48226H40040 | B884: A2026100620533560886 | C884: TW-800G 2xFR4_TRx3T_TEC_OSA_Test.vi | D884: Temp | E884: 25 | F884: CH3 | G884: DUT 1 | J884: 75.15 | L884: 9639.06 | O884: 1300 | P884: 1310.42 | Q884: 1320 | R884: -0.58 | S884: 0.21 | T884: 51.88 | U884: 1001 | W884: 0.78 | Z884: 25.01 | AA884: 21.05 | AB884: 3.96 | AC884: 22.31 | AF884: 70 | AG884: 70 | AH884: 3.3 | AI884: 3.3 | AJ884: 0
A885: 48226H40040 | B885: A2026100620533560886 | C885: TW-800G 2xFR4_TRx3T_TEC_OSA_Test.vi | D885: Temp | E885: 25 | F885: CH4 | G885: DUT 1 | J885: 75.15 | L885: 9639.06 | O885: 1320 | P885: 1330 | Q885: 1340 | R885: -1 | S885: 0.19 | T885: 53.5 | U885: 1001 | W885: 0.44 | Z885: 25.01 | AA885: 21.05 | AB885: 3.96 | AC885: 22.42 | AF885: 70 | AG885: 70 | AH885: 3.3 | AI885: 3.3 | AJ885: 0
... A1153: 48226H40040 | B1153: A2026100620533560886 | C1153: TW-800G 2xFR4_TRx3T_TEC_OSA_Test.vi | D1153: Temp | E1153: 25 | F1153: CH8 | G1153: DUT 1 | J1153: 76.34 | L1153: 12315.53 | O1153: 1320 | P1153: 1331 | Q1153: 1340 | R1153: 0 | S1153: 0.22 | T1153: 58.13 | U1153: 1001 | W1153: 5.35 | Z1153: 25 | AA1153: 22.95 | AB1153: 2.05 | AC1153: 27.21 | AF1153: 400 | AG1153: 400 | AH1153: 3.29 | AI1153: 3.29 | AJ1153: 0
A1154: 48226H40040 | B1154: A2026100620533560886 | C1154: TW-800G 2xFR4_TRx3T_TEC_OSA_Test.vi | D1154: Temp | E1154: 20 | F1154: CH1 | G1154: DUT 1 | I1154: 116.82 | J1154: 75.43 | L1154: 12521.47 | M1154: Final test:T157100003549_1 | O1154: 1260 | P1154: 1269.74 | Q1154: 1280 | R1154: -1.26 | S1154: 0.2 | T1154: 54.33 | U1154: 1001 | W1154: -1.06 | Y1154: 20 | Z1154: 19.94 | AA1154: 15.76 | AB1154: 4.18 | AC1154: 16.95 | AF1154: 50 | AG1154: 50 | AH1154: 3.3 | AI1154: 3.3 | AJ1154: 0 | AK1154: OSA_Test
A1155: 48226H40040 | B1155: A2026100620533560886 | C1155: TW-800G 2xFR4_TRx3T_TEC_OSA_Test.vi | D1155: Temp | E1155: 20 | F1155: CH2 | G1155: DUT 1 | I1155: 116.82 | J1155: 75.43 | L1155: 12521.47 | M1155: Final test:T157100003549_1 | O1155: 1280 | P1155: 1289.38 | Q1155: 1300 | R1155: -1.62 | S1155: 0.2 | T1155: 55.16 | U1155: 1001 | W1155: -0.17 | Y1155: 20 | Z1155: 19.94 | AA1155: 15.76 | AB1155: 4.18 | AC1155: 16.58 | AF1155: 50 | AG1155: 50 | AH1155: 3.3 | AI1155: 3.3 | AJ1155: 0 | AK1155: OSA_Test
A1156: 48226H40040 | B1156: A2026100620533560886 | C1156: TW-800G 2xFR4_TRx3T_TEC_OSA_Test.vi | D1156: Temp | E1156: 20 | F1156: CH3 | G1156: DUT 1 | I1156: 116.82 | J1156: 75.43 | L1156: 12521.47 | M1156: Final test:T157100003549_1 | O1156: 1300 | P1156: 1309.88 | Q1156: 1320 | R1156: -1.12 | S1156: 0.2 | T1156: 50.76 | U1156: 1001 | W1156: -0.84 | Y1156: 20 | Z1156: 19.94 | AA1156: 15.76 | AB1156: 4.18 | AC1156: 16.58 | AF1156: 50 | AG1156: 50 | AH1156: 3.3 | AI1156: 3.3 | AJ1156: 0 | AK1156: OSA_Test
A1157: 48226H40040 | B1157: A2026100620533560886 | C1157: TW-800G 2xFR4_TRx3T_TEC_OSA_Test.vi | D1157: Temp | E1157: 20 | F1157: CH4 | G1157: DUT 1 | I1157: 116.82 | J1157: 75.43 | L1157: 12521.47 | M1157: Final test:T157100003549_1 | O1157: 1320 | P1157: 1329.48 | Q1157: 1340 | R1157: -1.52 | S1157: 0.19 | T1157: 52.33 | U1157: 1001 | W1157: -1.04 | Y1157: 20 | Z1157: 19.94 | AA1157: 15.76 | AB1157: 4.18 | AC1157: 16.75 | AF1157: 50 | AG1157: 50 | AH1157: 3.3 | AI1157: 3.3 | AJ1157: 0 | AK1157: OSA_Test
A1158: 48226H40040 | B1158: A2026100620533560886 | C1158: TW-800G 2xFR4_TRx3T_TEC_OSA_Test.vi | D1158: Temp | E1158: 20 | F1158: CH5 | G1158: DUT 1 | I1158: 116.82 | J1158: 75.43 | L1158: 12521.47 | M1158: Final test:T157100003549_1 | O1158: 1260 | P1158: 1269.74 | Q1158: 1280 | R1158: -1.26 | S1158: 0.2 | T1158: 54.33 | U1158: 1001 | W1158: -1.05 | Y1158: 20 | Z1158: 19.94 | AA1158: 15.76 | AB1158: 4.18 | AC1158: 16.95 | AF1158: 50 | AG1158: 50 | AH1158: 3.3 | AI1158: 3.3 | AJ1158: 0 | AK1158: OSA_Test
A1159: 48226H40040 | B1159: A2026100620533560886 | C1159: TW-800G 2xFR4_TRx3T_TEC_OSA_Test.vi | D1159: Temp | E1159: 20 | F1159: CH6 | G1159: DUT 1 | I1159: 116.82 | J1159: 75.43 | L1159: 12521.47 | M1159: Final test:T157100003549_1 | O1159: 1280 | P1159: 1289.38 | Q1159: 1300 | R1159: -1.62 | S1159: 0.2 | T1159: 55.16 | U1159: 1001 | W1159: 0.21 | Y1159: 20 | Z1159: 19.94 | AA1159: 15.76 | AB1159: 4.18 | AC1159: 16.58 | AF1159: 50 | AG1159: 50 | AH1159: 3.3 | AI1159: 3.3 | AJ1159: 0 | AK1159: OSA_Test
A1160: 48226H40040 | B1160: A2026100620533560886 | C1160: TW-800G 2xFR4_TRx3T_TEC_OSA_Test.vi | D1160: Temp | E1160: 20 | F1160: CH7 | G1160: DUT 1 | I1160: 116.82 | J1160: 75.43 | L1160: 12521.47 | M1160: Final test:T157100003549_1 | O1160: 1300 | P1160: 1309.88 | Q1160: 1320 | R1160: -1.12 | S1160: 0.2 | T1160: 50.76 | U1160: 1001 | W1160: -0.27 | Y1160: 20 | Z1160: 19.94 | AA1160: 15.76 | AB1160: 4.18 | AC1160: 16.58 | AF1160: 50 | AG1160: 50 | AH1160: 3.3 | AI1160: 3.3 | AJ1160: 0 | AK1160: OSA_Test
A1161: 48226H40040 | B1161: A2026100620533560886 | C1161: TW-800G 2xFR4_TRx3T_TEC_OSA_Test.vi | D1161: Temp | E1161: 20 | F1161: CH8 | G1161: DUT 1 | I1161: 116.82 | J1161: 75.43 | L1161: 12521.47 | M1161: Final test:T157100003549_1 | O1161: 1320 | P1161: 1329.48 | Q1161: 1340 | R1161: -1.52 | S1161: 0.19 | T1161: 52.33 | U1161: 1001 | W1161: -0.21 | Y1161: 20 | Z1161: 19.94 | AA1161: 15.76 | AB1161: 4.18 | AC1161: 16.75 | AF1161: 50 | AG1161: 50 | AH1161: 3.3 | AI1161: 3.3 | AJ1161: 0 | AK1161: OSA_Test
A1162: 48226H40040 | B1162: A2026100620533560886 | C1162: TW-800G 2xFR4_TRx3T_TEC_OSA_Test.vi | D1162: Temp | E1162: 20 | F1162: CH1 | G1162: DUT 1 | J1162: 75.22 | L1162: 12602.12 | O1162: 1260 | P1162: 1269.76 | Q1162: 1280 | R1162: -1.24 | S1162: 0.2 | T1162: 55.28 | U1162: 1001 | W1162: 0.19 | Z1162: 20.01 | AA1162: 15.81 | AB1162: 4.2 | AC1162: 17.05 | AF1162: 60 | AG1162: 60 | AH1162: 3.3 | AI1162: 3.31 | AJ1162: -0.01
A1163: 48226H40040 | B1163: A2026100620533560886 | C1163: TW-800G 2xFR4_TRx3T_TEC_OSA_Test.vi | D1163: Temp | E1163: 20 | F1163: CH2 | G1163: DUT 1 | J1163: 75.22 | L1163: 12602.12 | O1163: 1280 | P1163: 1289.46 | Q1163: 1300 | R1163: -1.54 | S1163: 0.2 | T1163: 57.49 | U1163: 1001 | W1163: 0.97 | Z1163: 20.01 | AA1163: 15.81 | AB1163: 4.2 | AC1163: 16.68 | AF1163: 60 | AG1163: 60 | AH1163: 3.3 | AI1163: 3.31 | AJ1163: -0.01
A1164: 48226H40040 | B1164: A2026100620533560886 | C1164: TW-800G 2xFR4_TRx3T_TEC_OSA_Test.vi | D1164: Temp | E1164: 20 | F1164: CH3 | G1164: DUT 1 | J1164: 75.22 | L1164: 12602.12 | O1164: 1300 | P1164: 1309.92 | Q1164: 1320 | R1164: -1.08 | S1164: 0.2 | T1164: 51.64 | U1164: 1001 | W1164: 0.29 | Z1164: 20.01 | AA1164: 15.81 | AB1164: 4.2 | AC1164: 16.68 | AF1164: 60 | AG1164: 60 | AH1164: 3.3 | AI1164: 3.31 | AJ1164: -0.01
A1165: 48226H40040 | B1165: A2026100620533560886 | C1165: TW-800G 2xFR4_TRx3T_TEC_OSA_Test.vi | D1165: Temp | E1165: 20 | F1165: CH4 | G1165: DUT 1 | J1165: 75.22 | L1165: 12602.12 | O1165: 1320 | P1165: 1329.5 | Q1165: 1340 | R1165: -1.5 | S1165: 0.19 | T1165: 53.25 | U1165: 1001 | W1165: -0.01 | Z1165: 20.01 | AA1165: 15.81 | AB1165: 4.2 | AC1165: 16.84 | AF1165: 60 | AG1165: 60 | AH1165: 3.3 | AI1165: 3.31 | AJ1165: -0.01
A1166: 48226H40040 | B1166: A2026100620533560886 | C1166: TW-800G 2xFR4_TRx3T_TEC_OSA_Test.vi | D1166: Temp | E1166: 20 | F1166: CH5 | G1166: DUT 1 | J1166: 75.22 | L1166: 12602.12 | O1166: 1260 | P1166: 1269.76 | Q1166: 1280 | R1166: -1.24 | S1166: 0.2 | T1166: 55.28 | U1166: 1001 | W1166: 0.2 | Z1166: 20.01 | AA1166: 15.81 | AB1166: 4.2 | AC1166: 17.05 | AF1166: 60 | AG1166: 60 | AH1166: 3.3 | AI1166: 3.31 | AJ1166: -0.01
A1167: 48226H40040 | B1167: A2026100620533560886 | C1167: TW-800G 2xFR4_TRx3T_TEC_OSA_Test.vi | D1167: Temp | E1167: 20 | F1167: CH6 | G1167: DUT 1 | J1167: 75.22 | L1167: 12602.12 | O1167: 1280 | P1167: 1289.46 | Q1167: 1300 | R1167: -1.54 | S1167: 0.2 | T1167: 57.49 | U1167: 1001 | W1167: 1.36 | Z1167: 20.01 | AA1167: 15.81 | AB1167: 4.2 | AC1167: 16.68 | AF1167: 60 | AG1167: 60 | AH1167: 3.3 | AI1167: 3.31 | AJ1167: -0.01
A1168: 48226H40040 | B1168: A2026100620533560886 | C1168: TW-800G 2xFR4_TRx3T_TEC_OSA_Test.vi | D1168: Temp | E1168: 20 | F1168: CH7 | G1168: DUT 1 | J1168: 75.22 | L1168: 12602.12 | O1168: 1300 | P1168: 1309.92 | Q1168: 1320 | R1168: -1.08 | S1168: 0.2 | T1168: 51.64 | U1168: 1001 | W1168: 0.92 | Z1168: 20.01 | AA1168: 15.81 | AB1168: 4.2 | AC1168: 16.68 | AF1168: 60 | AG1168: 60 | AH1168: 3.3 | AI1168: 3.31 | AJ1168: -0.01
...

Sheet Mapping
A1: Wafer | B1: SN | C1: TESTNUMBER | D1: CH (1~4ch) | E1: Temp (-5~75deg C) | F1: Current(mA) | G1: WaveLength(nm) | H1: SMSR(dB) | I1: =RawData!A2&"-Case_Temp" -> 48226H40040-Case_Temp | J1: =RawData!A2&"-DDMI_Temp" -> 48226H40040-DDMI_Temp | K1: ΔWL
A2: M3456E-N | B2: =RawData!A2 -> 48226H40040 | C2: =IF(RawData!$B$2="","",RawData!$B$2) -> A2026100620533560886 | D2: =MOD(INT((ROW()-2)/31),4)+1 -> 1 | E2: =-5+5*INT((ROW()-2)/124) -> -5 | F2: =100+10*MOD(ROW()-2,31) -> 100 | G2: =IF(COUNTIFS(RawData!$E:$E,$E2,RawData!$F:$F,"CH"&$D2,RawData!$AF:$AF,$F2)=0,"",SUMIFS(RawData!$P:$P,RawData!$E:$E,$E2,RawData!$F:$F,"CH"&$D2,RawData!$AF:$AF,$F2)) -> 1267.54 | H2: =IF(COUNTIFS(RawData!$E:$E,$E2,RawData!$F:$F,"CH"&$D2,RawData!$AF:$AF,$F2)=0,"",SUMIFS(RawData!$T:$T,RawData!$E:$E,$E2,RawData!$F:$F,"CH"&$D2,RawData!$AF:$AF,$F2)) -> 58.51 | I2: =IF(COUNTIFS(RawData!$E:$E,$E2,RawData!$F:$F,"CH"&$D2,RawData!$AF:$AF,$F2)=0,"",SUMIFS(RawData!$Z:$Z,RawData!$E:$E,$E2,RawData!$F:$F,"CH"&$D2,RawData!$AF:$AF,$F2)) -> -5.01 | J2: =IF(COUNTIFS(RawData!$E:$E,$E2,RawData!$F:$F,"CH"&$D2,RawData!$AF:$AF,$F2)=0,"",SUMIFS(RawData!$AA:$AA,RawData!$E:$E,$E2,RawData!$F:$F,"CH"&$D2,RawData!$AF:$AF,$F2)) -> -9.18
A3: M3456E-N | B3: =RawData!A3 -> 48226H40040 | C3: =IF(RawData!$B$2="","",RawData!$B$2) -> A2026100620533560886 | D3: =MOD(INT((ROW()-2)/31),4)+1 -> 1 | E3: =-5+5*INT((ROW()-2)/124) -> -5 | F3: =100+10*MOD(ROW()-2,31) -> 110 | G3: =IF(COUNTIFS(RawData!$E:$E,$E3,RawData!$F:$F,"CH"&$D3,RawData!$AF:$AF,$F3)=0,"",SUMIFS(RawData!$P:$P,RawData!$E:$E,$E3,RawData!$F:$F,"CH"&$D3,RawData!$AF:$AF,$F3)) -> 1267.56 | H3: =IF(COUNTIFS(RawData!$E:$E,$E3,RawData!$F:$F,"CH"&$D3,RawData!$AF:$AF,$F3)=0,"",SUMIFS(RawData!$T:$T,RawData!$E:$E,$E3,RawData!$F:$F,"CH"&$D3,RawData!$AF:$AF,$F3)) -> 58.81 | I3: =IF(COUNTIFS(RawData!$E:$E,$E3,RawData!$F:$F,"CH"&$D3,RawData!$AF:$AF,$F3)=0,"",SUMIFS(RawData!$Z:$Z,RawData!$E:$E,$E3,RawData!$F:$F,"CH"&$D3,RawData!$AF:$AF,$F3)) -> -4.96 | J3: =IF(COUNTIFS(RawData!$E:$E,$E3,RawData!$F:$F,"CH"&$D3,RawData!$AF:$AF,$F3)=0,"",SUMIFS(RawData!$AA:$AA,RawData!$E:$E,$E3,RawData!$F:$F,"CH"&$D3,RawData!$AF:$AF,$F3)) -> -9.12 | K3: =G3-G2 -> 0.02
A4: M3456E-N | B4: =RawData!A4 -> 48226H40040 | C4: =IF(RawData!$B$2="","",RawData!$B$2) -> A2026100620533560886 | D4: =MOD(INT((ROW()-2)/31),4)+1 -> 1 | E4: =-5+5*INT((ROW()-2)/124) -> -5 | F4: =100+10*MOD(ROW()-2,31) -> 120 | G4: =IF(COUNTIFS(RawData!$E:$E,$E4,RawData!$F:$F,"CH"&$D4,RawData!$AF:$AF,$F4)=0,"",SUMIFS(RawData!$P:$P,RawData!$E:$E,$E4,RawData!$F:$F,"CH"&$D4,RawData!$AF:$AF,$F4)) -> 1267.58 | H4: =IF(COUNTIFS(RawData!$E:$E,$E4,RawData!$F:$F,"CH"&$D4,RawData!$AF:$AF,$F4)=0,"",SUMIFS(RawData!$T:$T,RawData!$E:$E,$E4,RawData!$F:$F,"CH"&$D4,RawData!$AF:$AF,$F4)) -> 59.07 | I4: =IF(COUNTIFS(RawData!$E:$E,$E4,RawData!$F:$F,"CH"&$D4,RawData!$AF:$AF,$F4)=0,"",SUMIFS(RawData!$Z:$Z,RawData!$E:$E,$E4,RawData!$F:$F,"CH"&$D4,RawData!$AF:$AF,$F4)) -> -4.96 | J4: =IF(COUNTIFS(RawData!$E:$E,$E4,RawData!$F:$F,"CH"&$D4,RawData!$AF:$AF,$F4)=0,"",SUMIFS(RawData!$AA:$AA,RawData!$E:$E,$E4,RawData!$F:$F,"CH"&$D4,RawData!$AF:$AF,$F4)) -> -9.01 | K4: =G4-G3 -> 0.02
A5: M3456E-N | B5: =RawData!A5 -> 48226H40040 | C5: =IF(RawData!$B$2="","",RawData!$B$2) -> A2026100620533560886 | D5: =MOD(INT((ROW()-2)/31),4)+1 -> 1 | E5: =-5+5*INT((ROW()-2)/124) -> -5 | F5: =100+10*MOD(ROW()-2,31) -> 130 | G5: =IF(COUNTIFS(RawData!$E:$E,$E5,RawData!$F:$F,"CH"&$D5,RawData!$AF:$AF,$F5)=0,"",SUMIFS(RawData!$P:$P,RawData!$E:$E,$E5,RawData!$F:$F,"CH"&$D5,RawData!$AF:$AF,$F5)) -> 1267.6 | H5: =IF(COUNTIFS(RawData!$E:$E,$E5,RawData!$F:$F,"CH"&$D5,RawData!$AF:$AF,$F5)=0,"",SUMIFS(RawData!$T:$T,RawData!$E:$E,$E5,RawData!$F:$F,"CH"&$D5,RawData!$AF:$AF,$F5)) -> 59.31 | I5: =IF(COUNTIFS(RawData!$E:$E,$E5,RawData!$F:$F,"CH"&$D5,RawData!$AF:$AF,$F5)=0,"",SUMIFS(RawData!$Z:$Z,RawData!$E:$E,$E5,RawData!$F:$F,"CH"&$D5,RawData!$AF:$AF,$F5)) -> -5.02 | J5: =IF(COUNTIFS(RawData!$E:$E,$E5,RawData!$F:$F,"CH"&$D5,RawData!$AF:$AF,$F5)=0,"",SUMIFS(RawData!$AA:$AA,RawData!$E:$E,$E5,RawData!$F:$F,"CH"&$D5,RawData!$AF:$AF,$F5)) -> -9.04 | K5: =G5-G4 -> 0.02
A6: M3456E-N | B6: =RawData!A6 -> 48226H40040 | C6: =IF(RawData!$B$2="","",RawData!$B$2) -> A2026100620533560886 | D6: =MOD(INT((ROW()-2)/31),4)+1 -> 1 | E6: =-5+5*INT((ROW()-2)/124) -> -5 | F6: =100+10*MOD(ROW()-2,31) -> 140 | G6: =IF(COUNTIFS(RawData!$E:$E,$E6,RawData!$F:$F,"CH"&$D6,RawData!$AF:$AF,$F6)=0,"",SUMIFS(RawData!$P:$P,RawData!$E:$E,$E6,RawData!$F:$F,"CH"&$D6,RawData!$AF:$AF,$F6)) -> 1267.62 | H6: =IF(COUNTIFS(RawData!$E:$E,$E6,RawData!$F:$F,"CH"&$D6,RawData!$AF:$AF,$F6)=0,"",SUMIFS(RawData!$T:$T,RawData!$E:$E,$E6,RawData!$F:$F,"CH"&$D6,RawData!$AF:$AF,$F6)) -> 59.57 | I6: =IF(COUNTIFS(RawData!$E:$E,$E6,RawData!$F:$F,"CH"&$D6,RawData!$AF:$AF,$F6)=0,"",SUMIFS(RawData!$Z:$Z,RawData!$E:$E,$E6,RawData!$F:$F,"CH"&$D6,RawData!$AF:$AF,$F6)) -> -5 | J6: =IF(COUNTIFS(RawData!$E:$E,$E6,RawData!$F:$F,"CH"&$D6,RawData!$AF:$AF,$F6)=0,"",SUMIFS(RawData!$AA:$AA,RawData!$E:$E,$E6,RawData!$F:$F,"CH"&$D6,RawData!$AF:$AF,$F6)) -> -8.89 | K6: =G6-G5 -> 0.02
A7: M3456E-N | B7: =RawData!A7 -> 48226H40040 | C7: =IF(RawData!$B$2="","",RawData!$B$2) -> A2026100620533560886 | D7: =MOD(INT((ROW()-2)/31),4)+1 -> 1 | E7: =-5+5*INT((ROW()-2)/124) -> -5 | F7: =100+10*MOD(ROW()-2,31) -> 150 | G7: =IF(COUNTIFS(RawData!$E:$E,$E7,RawData!$F:$F,"CH"&$D7,RawData!$AF:$AF,$F7)=0,"",SUMIFS(RawData!$P:$P,RawData!$E:$E,$E7,RawData!$F:$F,"CH"&$D7,RawData!$AF:$AF,$F7)) -> 1267.64 | H7: =IF(COUNTIFS(RawData!$E:$E,$E7,RawData!$F:$F,"CH"&$D7,RawData!$AF:$AF,$F7)=0,"",SUMIFS(RawData!$T:$T,RawData!$E:$E,$E7,RawData!$F:$F,"CH"&$D7,RawData!$AF:$AF,$F7)) -> 60.71 | I7: =IF(COUNTIFS(RawData!$E:$E,$E7,RawData!$F:$F,"CH"&$D7,RawData!$AF:$AF,$F7)=0,"",SUMIFS(RawData!$Z:$Z,RawData!$E:$E,$E7,RawData!$F:$F,"CH"&$D7,RawData!$AF:$AF,$F7)) -> -5 | J7: =IF(COUNTIFS(RawData!$E:$E,$E7,RawData!$F:$F,"CH"&$D7,RawData!$AF:$AF,$F7)=0,"",SUMIFS(RawData!$AA:$AA,RawData!$E:$E,$E7,RawData!$F:$F,"CH"&$D7,RawData!$AF:$AF,$F7)) -> -8.89 | K7: =G7-G6 -> 0.02
A8: M3456E-N | B8: =RawData!A8 -> 48226H40040 | C8: =IF(RawData!$B$2="","",RawData!$B$2) -> A2026100620533560886 | D8: =MOD(INT((ROW()-2)/31),4)+1 -> 1 | E8: =-5+5*INT((ROW()-2)/124) -> -5 | F8: =100+10*MOD(ROW()-2,31) -> 160 | G8: =IF(COUNTIFS(RawData!$E:$E,$E8,RawData!$F:$F,"CH"&$D8,RawData!$AF:$AF,$F8)=0,"",SUMIFS(RawData!$P:$P,RawData!$E:$E,$E8,RawData!$F:$F,"CH"&$D8,RawData!$AF:$AF,$F8)) -> 1267.66 | H8: =IF(COUNTIFS(RawData!$E:$E,$E8,RawData!$F:$F,"CH"&$D8,RawData!$AF:$AF,$F8)=0,"",SUMIFS(RawData!$T:$T,RawData!$E:$E,$E8,RawData!$F:$F,"CH"&$D8,RawData!$AF:$AF,$F8)) -> 60.09 | I8: =IF(COUNTIFS(RawData!$E:$E,$E8,RawData!$F:$F,"CH"&$D8,RawData!$AF:$AF,$F8)=0,"",SUMIFS(RawData!$Z:$Z,RawData!$E:$E,$E8,RawData!$F:$F,"CH"&$D8,RawData!$AF:$AF,$F8)) -> -4.99 | J8: =IF(COUNTIFS(RawData!$E:$E,$E8,RawData!$F:$F,"CH"&$D8,RawData!$AF:$AF,$F8)=0,"",SUMIFS(RawData!$AA:$AA,RawData!$E:$E,$E8,RawData!$F:$F,"CH"&$D8,RawData!$AF:$AF,$F8)) -> -8.8 | K8: =G8-G7 -> 0.02
A9: M3456E-N | B9: =RawData!A9 -> 48226H40040 | C9: =IF(RawData!$B$2="","",RawData!$B$2) -> A2026100620533560886 | D9: =MOD(INT((ROW()-2)/31),4)+1 -> 1 | E9: =-5+5*INT((ROW()-2)/124) -> -5 | F9: =100+10*MOD(ROW()-2,31) -> 170 | G9: =IF(COUNTIFS(RawData!$E:$E,$E9,RawData!$F:$F,"CH"&$D9,RawData!$AF:$AF,$F9)=0,"",SUMIFS(RawData!$P:$P,RawData!$E:$E,$E9,RawData!$F:$F,"CH"&$D9,RawData!$AF:$AF,$F9)) -> 1267.68 | H9: =IF(COUNTIFS(RawData!$E:$E,$E9,RawData!$F:$F,"CH"&$D9,RawData!$AF:$AF,$F9)=0,"",SUMIFS(RawData!$T:$T,RawData!$E:$E,$E9,RawData!$F:$F,"CH"&$D9,RawData!$AF:$AF,$F9)) -> 60.21 | I9: =IF(COUNTIFS(RawData!$E:$E,$E9,RawData!$F:$F,"CH"&$D9,RawData!$AF:$AF,$F9)=0,"",SUMIFS(RawData!$Z:$Z,RawData!$E:$E,$E9,RawData!$F:$F,"CH"&$D9,RawData!$AF:$AF,$F9)) -> -4.98 | J9: =IF(COUNTIFS(RawData!$E:$E,$E9,RawData!$F:$F,"CH"&$D9,RawData!$AF:$AF,$F9)=0,"",SUMIFS(RawData!$AA:$AA,RawData!$E:$E,$E9,RawData!$F:$F,"CH"&$D9,RawData!$AF:$AF,$F9)) -> -8.75 | K9: =G9-G8 -> 0.02
A10: M3456E-N | B10: =RawData!A10 -> 48226H40040 | C10: =IF(RawData!$B$2="","",RawData!$B$2) -> A2026100620533560886 | D10: =MOD(INT((ROW()-2)/31),4)+1 -> 1 | E10: =-5+5*INT((ROW()-2)/124) -> -5 | F10: =100+10*MOD(ROW()-2,31) -> 180 | G10: =IF(COUNTIFS(RawData!$E:$E,$E10,RawData!$F:$F,"CH"&$D10,RawData!$AF:$AF,$F10)=0,"",SUMIFS(RawData!$P:$P,RawData!$E:$E,$E10,RawData!$F:$F,"CH"&$D10,RawData!$AF:$AF,$F10)) -> 1267.7 | H10: =IF(COUNTIFS(RawData!$E:$E,$E10,RawData!$F:$F,"CH"&$D10,RawData!$AF:$AF,$F10)=0,"",SUMIFS(RawData!$T:$T,RawData!$E:$E,$E10,RawData!$F:$F,"CH"&$D10,RawData!$AF:$AF,$F10)) -> 61.21 | I10: =IF(COUNTIFS(RawData!$E:$E,$E10,RawData!$F:$F,"CH"&$D10,RawData!$AF:$AF,$F10)=0,"",SUMIFS(RawData!$Z:$Z,RawData!$E:$E,$E10,RawData!$F:$F,"CH"&$D10,RawData!$AF:$AF,$F10)) -> -4.98 | J10: =IF(COUNTIFS(RawData!$E:$E,$E10,RawData!$F:$F,"CH"&$D10,RawData!$AF:$AF,$F10)=0,"",SUMIFS(RawData!$AA:$AA,RawData!$E:$E,$E10,RawData!$F:$F,"CH"&$D10,RawData!$AF:$AF,$F10)) -> -8.66 | K10: =G10-G9 -> 0.02
A11: M3456E-N | B11: =RawData!A11 -> 48226H40040 | C11: =IF(RawData!$B$2="","",RawData!$B$2) -> A2026100620533560886 | D11: =MOD(INT((ROW()-2)/31),4)+1 -> 1 | E11: =-5+5*INT((ROW()-2)/124) -> -5 | F11: =100+10*MOD(ROW()-2,31) -> 190 | G11: =IF(COUNTIFS(RawData!$E:$E,$E11,RawData!$F:$F,"CH"&$D11,RawData!$AF:$AF,$F11)=0,"",SUMIFS(RawData!$P:$P,RawData!$E:$E,$E11,RawData!$F:$F,"CH"&$D11,RawData!$AF:$AF,$F11)) -> 1267.72 | H11: =IF(COUNTIFS(RawData!$E:$E,$E11,RawData!$F:$F,"CH"&$D11,RawData!$AF:$AF,$F11)=0,"",SUMIFS(RawData!$T:$T,RawData!$E:$E,$E11,RawData!$F:$F,"CH"&$D11,RawData!$AF:$AF,$F11)) -> 61.37 | I11: =IF(COUNTIFS(RawData!$E:$E,$E11,RawData!$F:$F,"CH"&$D11,RawData!$AF:$AF,$F11)=0,"",SUMIFS(RawData!$Z:$Z,RawData!$E:$E,$E11,RawData!$F:$F,"CH"&$D11,RawData!$AF:$AF,$F11)) -> -5 | J11: =IF(COUNTIFS(RawData!$E:$E,$E11,RawData!$F:$F,"CH"&$D11,RawData!$AF:$AF,$F11)=0,"",SUMIFS(RawData!$AA:$AA,RawData!$E:$E,$E11,RawData!$F:$F,"CH"&$D11,RawData!$AF:$AF,$F11)) -> -8.66 | K11: =G11-G10 -> 0.02
A12: M3456E-N | B12: =RawData!A12 -> 48226H40040 | C12: =IF(RawData!$B$2="","",RawData!$B$2) -> A2026100620533560886 | D12: =MOD(INT((ROW()-2)/31),4)+1 -> 1 | E12: =-5+5*INT((ROW()-2)/124) -> -5 | F12: =100+10*MOD(ROW()-2,31) -> 200 | G12: =IF(COUNTIFS(RawData!$E:$E,$E12,RawData!$F:$F,"CH"&$D12,RawData!$AF:$AF,$F12)=0,"",SUMIFS(RawData!$P:$P,RawData!$E:$E,$E12,RawData!$F:$F,"CH"&$D12,RawData!$AF:$AF,$F12)) -> 1267.74 | H12: =IF(COUNTIFS(RawData!$E:$E,$E12,RawData!$F:$F,"CH"&$D12,RawData!$AF:$AF,$F12)=0,"",SUMIFS(RawData!$T:$T,RawData!$E:$E,$E12,RawData!$F:$F,"CH"&$D12,RawData!$AF:$AF,$F12)) -> 61.56 | I12: =IF(COUNTIFS(RawData!$E:$E,$E12,RawData!$F:$F,"CH"&$D12,RawData!$AF:$AF,$F12)=0,"",SUMIFS(RawData!$Z:$Z,RawData!$E:$E,$E12,RawData!$F:$F,"CH"&$D12,RawData!$AF:$AF,$F12)) -> -4.97 | J12: =IF(COUNTIFS(RawData!$E:$E,$E12,RawData!$F:$F,"CH"&$D12,RawData!$AF:$AF,$F12)=0,"",SUMIFS(RawData!$AA:$AA,RawData!$E:$E,$E12,RawData!$F:$F,"CH"&$D12,RawData!$AF:$AF,$F12)) -> -8.54 | K12: =G12-G11 -> 0.02
A13: M3456E-N | B13: =RawData!A13 -> 48226H40040 | C13: =IF(RawData!$B$2="","",RawData!$B$2) -> A2026100620533560886 | D13: =MOD(INT((ROW()-2)/31),4)+1 -> 1 | E13: =-5+5*INT((ROW()-2)/124) -> -5 | F13: =100+10*MOD(ROW()-2,31) -> 210 | G13: =IF(COUNTIFS(RawData!$E:$E,$E13,RawData!$F:$F,"CH"&$D13,RawData!$AF:$AF,$F13)=0,"",SUMIFS(RawData!$P:$P,RawData!$E:$E,$E13,RawData!$F:$F,"CH"&$D13,RawData!$AF:$AF,$F13)) -> 1267.78 | H13: =IF(COUNTIFS(RawData!$E:$E,$E13,RawData!$F:$F,"CH"&$D13,RawData!$AF:$AF,$F13)=0,"",SUMIFS(RawData!$T:$T,RawData!$E:$E,$E13,RawData!$F:$F,"CH"&$D13,RawData!$AF:$AF,$F13)) -> 61.58 | I13: =IF(COUNTIFS(RawData!$E:$E,$E13,RawData!$F:$F,"CH"&$D13,RawData!$AF:$AF,$F13)=0,"",SUMIFS(RawData!$Z:$Z,RawData!$E:$E,$E13,RawData!$F:$F,"CH"&$D13,RawData!$AF:$AF,$F13)) -> -5.02 | J13: =IF(COUNTIFS(RawData!$E:$E,$E13,RawData!$F:$F,"CH"&$D13,RawData!$AF:$AF,$F13)=0,"",SUMIFS(RawData!$AA:$AA,RawData!$E:$E,$E13,RawData!$F:$F,"CH"&$D13,RawData!$AF:$AF,$F13)) -> -8.6 | K13: =G13-G12 -> 0.04
A14: M3456E-N | B14: =RawData!A14 -> 48226H40040 | C14: =IF(RawData!$B$2="","",RawData!$B$2) -> A2026100620533560886 | D14: =MOD(INT((ROW()-2)/31),4)+1 -> 1 | E14: =-5+5*INT((ROW()-2)/124) -> -5 | F14: =100+10*MOD(ROW()-2,31) -> 220 | G14: =IF(COUNTIFS(RawData!$E:$E,$E14,RawData!$F:$F,"CH"&$D14,RawData!$AF:$AF,$F14)=0,"",SUMIFS(RawData!$P:$P,RawData!$E:$E,$E14,RawData!$F:$F,"CH"&$D14,RawData!$AF:$AF,$F14)) -> 1267.78 | H14: =IF(COUNTIFS(RawData!$E:$E,$E14,RawData!$F:$F,"CH"&$D14,RawData!$AF:$AF,$F14)=0,"",SUMIFS(RawData!$T:$T,RawData!$E:$E,$E14,RawData!$F:$F,"CH"&$D14,RawData!$AF:$AF,$F14)) -> 61.8 | I14: =IF(COUNTIFS(RawData!$E:$E,$E14,RawData!$F:$F,"CH"&$D14,RawData!$AF:$AF,$F14)=0,"",SUMIFS(RawData!$Z:$Z,RawData!$E:$E,$E14,RawData!$F:$F,"CH"&$D14,RawData!$AF:$AF,$F14)) -> -4.99 | J14: =IF(COUNTIFS(RawData!$E:$E,$E14,RawData!$F:$F,"CH"&$D14,RawData!$AF:$AF,$F14)=0,"",SUMIFS(RawData!$AA:$AA,RawData!$E:$E,$E14,RawData!$F:$F,"CH"&$D14,RawData!$AF:$AF,$F14)) -> -8.45 | K14: =G14-G13 -> 0
... A2109: M3459C-N | B2109: =RawData!A2109 -> 48226H40040 | C2109: =IF(RawData!$B$2="","",RawData!$B$2) -> A2026100620533560886 | D2109: =MOD(INT((ROW()-2)/31),4)+1 -> 4 | E2109: =-5+5*INT((ROW()-2)/124) -> 75 | F2109: =100+10*MOD(ROW()-2,31) -> 400 | G2109: =IF(COUNTIFS(RawData!$E:$E,$E2109,RawData!$F:$F,"CH"&$D2109,RawData!$AF:$AF,$F2109)=0,"",SUMIFS(RawData!$P:$P,RawData!$E:$E,$E2109,RawData!$F:$F,"CH"&$D2109,RawData!$AF:$AF,$F2109)) -> 1336.28 | H2109: =IF(COUNTIFS(RawData!$E:$E,$E2109,RawData!$F:$F,"CH"&$D2109,RawData!$AF:$AF,$F2109)=0,"",SUMIFS(RawData!$T:$T,RawData!$E:$E,$E2109,RawData!$F:$F,"CH"&$D2109,RawData!$AF:$AF,$F2109)) -> 56.43 | I2109: =IF(COUNTIFS(RawData!$E:$E,$E2109,RawData!$F:$F,"CH"&$D2109,RawData!$AF:$AF,$F2109)=0,"",SUMIFS(RawData!$Z:$Z,RawData!$E:$E,$E2109,RawData!$F:$F,"CH"&$D2109,RawData!$AF:$AF,$F2109)) -> 74.99 | J2109: =IF(COUNTIFS(RawData!$E:$E,$E2109,RawData!$F:$F,"CH"&$D2109,RawData!$AF:$AF,$F2109)=0,"",SUMIFS(RawData!$AA:$AA,RawData!$E:$E,$E2109,RawData!$F:$F,"CH"&$D2109,RawData!$AF:$AF,$F2109)) -> 78.45 | K2109: =G2109-G2108 -> 0.04
